{
  "Get all users of group" : {
    "transaction" : "Get all users of group",
    "sampleCount" : 51,
    "errorCount" : 14,
    "errorPct" : 27.450981,
    "meanResTime" : 18359.313725490196,
    "medianResTime" : 1461.0,
    "minResTime" : 91.0,
    "maxResTime" : 60120.0,
    "pct1ResTime" : 60058.8,
    "pct2ResTime" : 60066.6,
    "pct3ResTime" : 60120.0,
    "throughput" : 0.4101689735320374,
    "receivedKBytesPerSec" : 1.004357919679264,
    "sentKBytesPerSec" : 0.10606870380572467
  },
  "Total" : {
    "transaction" : "Total",
    "sampleCount" : 2108,
    "errorCount" : 932,
    "errorPct" : 44.212524,
    "meanResTime" : 18109.122390891844,
    "medianResTime" : 12004.0,
    "minResTime" : 91.0,
    "maxResTime" : 60180.0,
    "pct1ResTime" : 60047.0,
    "pct2ResTime" : 60062.55,
    "pct3ResTime" : 60113.82,
    "throughput" : 16.122617554379417,
    "receivedKBytesPerSec" : 43.193889378327015,
    "sentKBytesPerSec" : 2.6981172752164473
  },
  "Find group" : {
    "transaction" : "Find group",
    "sampleCount" : 1088,
    "errorCount" : 430,
    "errorPct" : 39.52206,
    "meanResTime" : 18371.90900735296,
    "medianResTime" : 14533.5,
    "minResTime" : 212.0,
    "maxResTime" : 60180.0,
    "pct1ResTime" : 60044.1,
    "pct2ResTime" : 60068.0,
    "pct3ResTime" : 60104.11,
    "throughput" : 8.331801752128897,
    "receivedKBytesPerSec" : 14.442571448263186,
    "sentKBytesPerSec" : 1.4614784592675978
  },
  "Get all groups of user" : {
    "transaction" : "Get all groups of user",
    "sampleCount" : 230,
    "errorCount" : 132,
    "errorPct" : 57.391304,
    "meanResTime" : 16817.200000000004,
    "medianResTime" : 1225.5,
    "minResTime" : 99.0,
    "maxResTime" : 60093.0,
    "pct1ResTime" : 60046.0,
    "pct2ResTime" : 60051.45,
    "pct3ResTime" : 60081.66,
    "throughput" : 1.779676098949991,
    "receivedKBytesPerSec" : 3.667075798726371,
    "sentKBytesPerSec" : 0.23918931401224108
  },
  "Get all child groups" : {
    "transaction" : "Get all child groups",
    "sampleCount" : 83,
    "errorCount" : 42,
    "errorPct" : 50.60241,
    "meanResTime" : 23661.915662650612,
    "medianResTime" : 3106.0,
    "minResTime" : 108.0,
    "maxResTime" : 60115.0,
    "pct1ResTime" : 60052.6,
    "pct2ResTime" : 60056.0,
    "pct3ResTime" : 60115.0,
    "throughput" : 0.6516192345436703,
    "receivedKBytesPerSec" : 1.3528505274779195,
    "sentKBytesPerSec" : 0.11347675417075564
  },
  "Get all groups" : {
    "transaction" : "Get all groups",
    "sampleCount" : 511,
    "errorCount" : 222,
    "errorPct" : 43.444225,
    "meanResTime" : 15769.052837573385,
    "medianResTime" : 11057.0,
    "minResTime" : 366.0,
    "maxResTime" : 60123.0,
    "pct1ResTime" : 60042.0,
    "pct2ResTime" : 60059.0,
    "pct3ResTime" : 60119.0,
    "throughput" : 3.9617009729813546,
    "receivedKBytesPerSec" : 20.703193140190717,
    "sentKBytesPerSec" : 0.6148440831298212
  },
  "Add user to group" : {
    "transaction" : "Add user to group",
    "sampleCount" : 145,
    "errorCount" : 92,
    "errorPct" : 63.448277,
    "meanResTime" : 23166.806896551716,
    "medianResTime" : 2121.0,
    "minResTime" : 113.0,
    "maxResTime" : 60131.0,
    "pct1ResTime" : 60054.0,
    "pct2ResTime" : 60061.0,
    "pct3ResTime" : 60125.48,
    "throughput" : 1.1307365383865557,
    "receivedKBytesPerSec" : 2.4955937219752795,
    "sentKBytesPerSec" : 0.18768185606503682
  }
}