{
  "Reset Password" : {
    "transaction" : "Reset Password",
    "sampleCount" : 228,
    "errorCount" : 6,
    "errorPct" : 2.631579,
    "meanResTime" : 28051.934210526317,
    "medianResTime" : 30890.5,
    "minResTime" : 753.0,
    "maxResTime" : 60034.0,
    "pct1ResTime" : 35031.7,
    "pct2ResTime" : 58797.14999999999,
    "pct3ResTime" : 60030.1,
    "throughput" : 1.1319349633858757,
    "receivedKBytesPerSec" : 0.7636071506143726,
    "sentKBytesPerSec" : 0.41452696413056966
  },
  "Update User Profile" : {
    "transaction" : "Update User Profile",
    "sampleCount" : 175,
    "errorCount" : 6,
    "errorPct" : 3.4285715,
    "meanResTime" : 33670.542857142864,
    "medianResTime" : 33805.0,
    "minResTime" : 3685.0,
    "maxResTime" : 60084.0,
    "pct1ResTime" : 41735.8,
    "pct2ResTime" : 58984.59999999999,
    "pct3ResTime" : 60045.24,
    "throughput" : 0.8727308996608817,
    "receivedKBytesPerSec" : 0.8353330169683821,
    "sentKBytesPerSec" : 0.36306969067923395
  },
  "Get User Status" : {
    "transaction" : "Get User Status",
    "sampleCount" : 230,
    "errorCount" : 0,
    "errorPct" : 0.0,
    "meanResTime" : 862.413043478261,
    "medianResTime" : 648.0,
    "minResTime" : 187.0,
    "maxResTime" : 3085.0,
    "pct1ResTime" : 1916.1000000000001,
    "pct2ResTime" : 2434.349999999999,
    "pct3ResTime" : 2849.98,
    "throughput" : 1.3373181538032166,
    "receivedKBytesPerSec" : 0.9120075998191713,
    "sentKBytesPerSec" : 0.4074641249869176
  },
  "Total" : {
    "transaction" : "Total",
    "sampleCount" : 1391,
    "errorCount" : 311,
    "errorPct" : 22.358015,
    "meanResTime" : 14239.26168224299,
    "medianResTime" : 2712.0,
    "minResTime" : 187.0,
    "maxResTime" : 60244.0,
    "pct1ResTime" : 33831.8,
    "pct2ResTime" : 39073.6,
    "pct3ResTime" : 60021.08,
    "throughput" : 6.807048794452574,
    "receivedKBytesPerSec" : 5.15332452274807,
    "sentKBytesPerSec" : 2.4485197054520005
  },
  "Register User" : {
    "transaction" : "Register User",
    "sampleCount" : 299,
    "errorCount" : 299,
    "errorPct" : 100.0,
    "meanResTime" : 21625.909698996646,
    "medianResTime" : 30323.0,
    "minResTime" : 446.0,
    "maxResTime" : 60244.0,
    "pct1ResTime" : 31419.0,
    "pct2ResTime" : 32554.0,
    "pct3ResTime" : 60124.0,
    "throughput" : 1.7163193846507088,
    "receivedKBytesPerSec" : 0.9764896263848228,
    "sentKBytesPerSec" : 0.7827355006170713
  },
  "Get Users" : {
    "transaction" : "Get Users",
    "sampleCount" : 229,
    "errorCount" : 0,
    "errorPct" : 0.0,
    "meanResTime" : 2852.9606986899585,
    "medianResTime" : 2362.0,
    "minResTime" : 658.0,
    "maxResTime" : 7478.0,
    "pct1ResTime" : 6246.0,
    "pct2ResTime" : 6792.5,
    "pct3ResTime" : 7340.099999999996,
    "throughput" : 1.3280366514918664,
    "receivedKBytesPerSec" : 1.4378719698727056,
    "sentKBytesPerSec" : 0.39815161328906545
  },
  "Check Username Availability" : {
    "transaction" : "Check Username Availability",
    "sampleCount" : 230,
    "errorCount" : 0,
    "errorPct" : 0.0,
    "meanResTime" : 873.0304347826083,
    "medianResTime" : 645.0,
    "minResTime" : 194.0,
    "maxResTime" : 3090.0,
    "pct1ResTime" : 2080.0,
    "pct2ResTime" : 2274.2499999999995,
    "pct3ResTime" : 2532.58,
    "throughput" : 1.3370305133615854,
    "receivedKBytesPerSec" : 0.911794407579219,
    "sentKBytesPerSec" : 0.4008480152363347
  }
}