{
  "Get all users of group" : {
    "transaction" : "Get all users of group",
    "sampleCount" : 1457,
    "errorCount" : 0,
    "errorPct" : 0.0,
    "meanResTime" : 1893.6245710363758,
    "medianResTime" : 1522.0,
    "minResTime" : 101.0,
    "maxResTime" : 9562.0,
    "pct1ResTime" : 4052.0,
    "pct2ResTime" : 5082.1,
    "pct3ResTime" : 6570.060000000007,
    "throughput" : 7.985618214005799,
    "receivedKBytesPerSec" : 17.629438514644868,
    "sentKBytesPerSec" : 2.8464361797969886
  },
  "Total" : {
    "transaction" : "Total",
    "sampleCount" : 9143,
    "errorCount" : 0,
    "errorPct" : 0.0,
    "meanResTime" : 1889.9703598381257,
    "medianResTime" : 1541.0,
    "minResTime" : 82.0,
    "maxResTime" : 10993.0,
    "pct1ResTime" : 3927.2000000000007,
    "pct2ResTime" : 4784.5999999999985,
    "pct3ResTime" : 6584.6799999999985,
    "throughput" : 49.58726990704082,
    "receivedKBytesPerSec" : 102.7874534932911,
    "sentKBytesPerSec" : 16.83078578881073
  },
  "Find group" : {
    "transaction" : "Find group",
    "sampleCount" : 1591,
    "errorCount" : 0,
    "errorPct" : 0.0,
    "meanResTime" : 1898.4450031426804,
    "medianResTime" : 1557.0,
    "minResTime" : 143.0,
    "maxResTime" : 8472.0,
    "pct1ResTime" : 3853.0,
    "pct2ResTime" : 4674.7999999999965,
    "pct3ResTime" : 6493.03999999999,
    "throughput" : 8.62882493952772,
    "receivedKBytesPerSec" : 7.336140966851428,
    "sentKBytesPerSec" : 2.502696295937239
  },
  "Get all groups of user" : {
    "transaction" : "Get all groups of user",
    "sampleCount" : 1541,
    "errorCount" : 0,
    "errorPct" : 0.0,
    "meanResTime" : 1828.7125243348478,
    "medianResTime" : 1463.0,
    "minResTime" : 82.0,
    "maxResTime" : 9535.0,
    "pct1ResTime" : 3813.2,
    "pct2ResTime" : 4753.699999999997,
    "pct3ResTime" : 6600.759999999998,
    "throughput" : 8.441985318286402,
    "receivedKBytesPerSec" : 5.734701983126986,
    "sentKBytesPerSec" : 2.662852790826668
  },
  "Get all child groups" : {
    "transaction" : "Get all child groups",
    "sampleCount" : 1475,
    "errorCount" : 0,
    "errorPct" : 0.0,
    "meanResTime" : 1888.9084745762725,
    "medianResTime" : 1571.0,
    "minResTime" : 86.0,
    "maxResTime" : 9798.0,
    "pct1ResTime" : 3976.4000000000005,
    "pct2ResTime" : 4835.800000000004,
    "pct3ResTime" : 6460.4000000000015,
    "throughput" : 8.082014640774997,
    "receivedKBytesPerSec" : 8.418437061653444,
    "sentKBytesPerSec" : 2.8492258645700916
  },
  "Get all groups" : {
    "transaction" : "Get all groups",
    "sampleCount" : 1568,
    "errorCount" : 0,
    "errorPct" : 0.0,
    "meanResTime" : 1986.5637755102107,
    "medianResTime" : 1631.0,
    "minResTime" : 218.0,
    "maxResTime" : 9080.0,
    "pct1ResTime" : 4073.4000000000005,
    "pct2ResTime" : 4818.549999999999,
    "pct3ResTime" : 6972.129999999994,
    "throughput" : 8.572053356658648,
    "receivedKBytesPerSec" : 58.88003464629347,
    "sentKBytesPerSec" : 2.3522919855674616
  },
  "Add user to group" : {
    "transaction" : "Add user to group",
    "sampleCount" : 1511,
    "errorCount" : 0,
    "errorPct" : 0.0,
    "meanResTime" : 1840.796823295828,
    "medianResTime" : 1507.0,
    "minResTime" : 94.0,
    "maxResTime" : 10993.0,
    "pct1ResTime" : 3874.599999999999,
    "pct2ResTime" : 4726.599999999996,
    "pct3ResTime" : 6525.599999999991,
    "throughput" : 8.276685600977208,
    "receivedKBytesPerSec" : 5.638734921135949,
    "sentKBytesPerSec" : 3.7584558637250014
  }
}