{
  "Reset Password" : {
    "transaction" : "Reset Password",
    "sampleCount" : 65,
    "errorCount" : 0,
    "errorPct" : 0.0,
    "meanResTime" : 36263.692307692305,
    "medianResTime" : 30885.0,
    "minResTime" : 30491.0,
    "maxResTime" : 83056.0,
    "pct1ResTime" : 56550.799999999996,
    "pct2ResTime" : 58229.4,
    "pct3ResTime" : 83056.0,
    "throughput" : 0.4423634458070751,
    "receivedKBytesPerSec" : 0.30196489122963427,
    "sentKBytesPerSec" : 0.16199833220473941
  },
  "Update User Profile" : {
    "transaction" : "Update User Profile",
    "sampleCount" : 22,
    "errorCount" : 1,
    "errorPct" : 4.5454545,
    "meanResTime" : 64144.13636363635,
    "medianResTime" : 63648.5,
    "minResTime" : 31564.0,
    "maxResTime" : 85066.0,
    "pct1ResTime" : 84531.8,
    "pct2ResTime" : 85022.05,
    "pct3ResTime" : 85066.0,
    "throughput" : 0.20462451401677922,
    "receivedKBytesPerSec" : 0.1945240852354112,
    "sentKBytesPerSec" : 0.08512699508901167
  },
  "Get User Status" : {
    "transaction" : "Get User Status",
    "sampleCount" : 130,
    "errorCount" : 45,
    "errorPct" : 34.615383,
    "meanResTime" : 18866.776923076923,
    "medianResTime" : 680.0,
    "minResTime" : 189.0,
    "maxResTime" : 63257.0,
    "pct1ResTime" : 60064.8,
    "pct2ResTime" : 60080.8,
    "pct3ResTime" : 63248.01,
    "throughput" : 1.3394605065221423,
    "receivedKBytesPerSec" : 1.8335978714169432,
    "sentKBytesPerSec" : 0.2888211717188369
  },
  "Total" : {
    "transaction" : "Total",
    "sampleCount" : 1125,
    "errorCount" : 800,
    "errorPct" : 71.111115,
    "meanResTime" : 26769.8293333333,
    "medianResTime" : 32960.0,
    "minResTime" : 189.0,
    "maxResTime" : 113585.0,
    "pct1ResTime" : 60039.0,
    "pct2ResTime" : 60082.7,
    "pct3ResTime" : 90899.42000000007,
    "throughput" : 7.339653046445325,
    "receivedKBytesPerSec" : 9.227702337924152,
    "sentKBytesPerSec" : 2.2134023491782853
  },
  "Register User" : {
    "transaction" : "Register User",
    "sampleCount" : 650,
    "errorCount" : 650,
    "errorPct" : 100.0,
    "meanResTime" : 30843.760000000006,
    "medianResTime" : 34218.0,
    "minResTime" : 644.0,
    "maxResTime" : 113585.0,
    "pct1ResTime" : 38583.6,
    "pct2ResTime" : 60069.35,
    "pct3ResTime" : 113514.39,
    "throughput" : 5.28459580972203,
    "receivedKBytesPerSec" : 5.964924003447183,
    "sentKBytesPerSec" : 1.8724348749786583
  },
  "Get Users" : {
    "transaction" : "Get Users",
    "sampleCount" : 86,
    "errorCount" : 17,
    "errorPct" : 19.767443,
    "meanResTime" : 14396.06976744186,
    "medianResTime" : 1775.0,
    "minResTime" : 671.0,
    "maxResTime" : 60046.0,
    "pct1ResTime" : 60040.3,
    "pct2ResTime" : 60045.0,
    "pct3ResTime" : 60046.0,
    "throughput" : 0.8594843094143514,
    "receivedKBytesPerSec" : 1.270741461373176,
    "sentKBytesPerSec" : 0.20674118966120328
  },
  "Check Username Availability" : {
    "transaction" : "Check Username Availability",
    "sampleCount" : 172,
    "errorCount" : 87,
    "errorPct" : 50.581394,
    "meanResTime" : 15166.046511627907,
    "medianResTime" : 744.5,
    "minResTime" : 198.0,
    "maxResTime" : 63263.0,
    "pct1ResTime" : 60043.7,
    "pct2ResTime" : 62787.95,
    "pct3ResTime" : 63247.67,
    "throughput" : 1.8195089441558852,
    "receivedKBytesPerSec" : 3.2827566155546855,
    "sentKBytesPerSec" : 0.28860613515672107
  }
}